JobTitle,Gender,Age,PerfEval,Education,Dept,Seniority,TotalComp
Graphic Designer,Female,18,5,College,Operations,2,52301
Software Engineer,Male,21,5,College,Management,5,119604
Warehouse Associate,Female,19,4,PhD,Administration,5,99476
Software Engineer,Male,20,5,Masters,Sales,4,118234
Graphic Designer,Male,26,5,Masters,Engineering,5,108783
IT,Female,20,5,PhD,Operations,4,81016
Graphic Designer,Female,20,5,College,Sales,4,78126
Software Engineer,Male,18,4,PhD,Engineering,5,107763
Graphic Designer,Female,33,5,High School,Engineering,5,122812
Sales Associate,Female,35,5,College,Engineering,5,116465
Graphic Designer,Male,24,5,PhD,Engineering,5,112473
Driver,Female,18,5,College,Management,3,72883
Financial Analyst,Female,19,5,College,Sales,3,92997
Warehouse Associate,Female,30,5,Masters,Administration,5,95803
Warehouse Associate,Female,35,5,PhD,Operations,4,105329
Marketing Associate,Female,27,5,PhD,Management,3,83691
Financial Analyst,Female,23,5,PhD,Administration,5,99190
Warehouse Associate,Female,24,5,College,Administration,5,109494
Sales Associate,Male,21,5,High School,Engineering,5,99847
Data Scientist,Female,30,5,College,Engineering,5,101905
Warehouse Associate,Male,36,5,PhD,Engineering,5,117656
Financial Analyst,Male,24,5,PhD,Sales,3,92652
Warehouse Associate,Male,24,5,PhD,Sales,3,94997
Driver,Female,35,5,College,Management,1,81069
Software Engineer,Male,21,4,PhD,Engineering,5,142448
Graphic Designer,Female,26,5,College,Engineering,2,81197
Software Engineer,Male,19,5,Masters,Administration,4,109923
Graphic Designer,Male,35,5,PhD,Management,3,98035
Warehouse Associate,Male,34,5,PhD,Engineering,4,114448
IT,Female,38,5,College,Administration,5,122896
Software Engineer,Male,20,5,Masters,Management,2,76496
Sales Associate,Male,35,5,Masters,Management,5,113519
Marketing Associate,Female,26,5,PhD,Operations,4,89539
Data Scientist,Female,22,5,High School,Engineering,3,84495
Data Scientist,Female,45,5,PhD,Management,5,123391
Software Engineer,Male,27,5,PhD,Management,4,106090
Software Engineer,Male,21,5,High School,Management,4,101454
Software Engineer,Male,31,5,High School,Operations,3,102022
IT,Female,33,5,College,Management,4,94047
IT,Male,19,5,College,Administration,4,88009
Data Scientist,Male,29,5,PhD,Administration,5,106139
Data Scientist,Male,32,5,PhD,Management,3,95824
Software Engineer,Male,31,5,PhD,Sales,2,97673
Warehouse Associate,Male,22,5,Masters,Engineering,2,68087
Software Engineer,Male,25,5,Masters,Sales,5,130317
Software Engineer,Male,22,5,Masters,Management,3,91232
Data Scientist,Female,21,5,PhD,Operations,3,80676
Graphic Designer,Female,26,5,PhD,Sales,3,84513
Marketing Associate,Male,21,5,College,Management,5,96310
IT,Female,22,5,High School,Sales,4,112335
Sales Associate,Male,18,4,Masters,Operations,5,100133
Software Engineer,Male,18,4,Masters,Operations,4,98578
Marketing Associate,Female,35,5,PhD,Engineering,5,106940
Data Scientist,Female,33,5,Masters,Sales,2,99069
Software Engineer,Female,22,4,Masters,Operations,3,96986
Data Scientist,Female,24,4,College,Administration,4,79728
Driver,Female,31,5,High School,Engineering,2,71578
Software Engineer,Male,40,5,PhD,Management,4,121959
Data Scientist,Female,49,5,College,Operations,3,79524
Marketing Associate,Female,20,5,Masters,Administration,4,85765
Financial Analyst,Male,18,5,PhD,Engineering,4,107202
Graphic Designer,Male,34,5,Masters,Management,3,96607
Warehouse Associate,Female,41,5,College,Operations,2,92017
Software Engineer,Male,19,5,PhD,Administration,3,98967
Driver,Male,31,5,College,Management,4,92790
Sales Associate,Female,33,5,High School,Engineering,3,91875
Warehouse Associate,Female,53,5,College,Engineering,5,136772
Sales Associate,Male,24,5,High School,Administration,1,75410
Data Scientist,Male,18,5,PhD,Administration,4,69421
Data Scientist,Male,18,5,High School,Operations,2,64594
Manager,Male,25,5,College,Engineering,5,142378
Sales Associate,Female,31,5,College,Management,1,62149
Warehouse Associate,Female,31,4,PhD,Operations,5,111478
Financial Analyst,Female,42,5,College,Engineering,5,122402
Data Scientist,Male,22,4,High School,Management,2,58991
Marketing Associate,Female,23,5,PhD,Administration,3,55695
Warehouse Associate,Female,36,4,College,Management,3,83172
Marketing Associate,Female,39,5,College,Sales,5,112552
Warehouse Associate,Female,39,5,College,Engineering,2,87382
Graphic Designer,Male,23,5,Masters,Management,3,93271
Financial Analyst,Male,29,5,Masters,Engineering,5,121061
Warehouse Associate,Female,25,3,Masters,Engineering,4,88939
Warehouse Associate,Male,21,5,PhD,Management,1,58686
Warehouse Associate,Male,28,5,High School,Engineering,2,68412
Manager,Male,29,4,PhD,Engineering,5,156788
Data Scientist,Female,32,5,PhD,Engineering,1,55150
IT,Female,48,5,PhD,Operations,3,97009
Data Scientist,Female,38,5,Masters,Administration,5,137135
Graphic Designer,Male,31,5,PhD,Engineering,1,78334
Manager,Male,19,4,PhD,Sales,5,128557
Software Engineer,Male,26,5,PhD,Operations,2,76850
Financial Analyst,Female,36,5,Masters,Administration,3,101131
Marketing Associate,Female,34,5,Masters,Engineering,1,60461
Warehouse Associate,Male,49,5,High School,Sales,4,117794
Software Engineer,Male,18,5,College,Operations,3,90300
Driver,Female,21,4,Masters,Sales,4,85757
Financial Analyst,Female,47,5,High School,Sales,5,155151
Graphic Designer,Female,22,4,Masters,Administration,4,105174
Software Engineer,Male,29,5,High School,Management,1,91448
IT,Male,55,5,College,Management,5,136571
Marketing Associate,Female,34,5,High School,Sales,5,105154
Warehouse Associate,Female,48,5,College,Management,5,121464
Financial Analyst,Female,43,5,PhD,Management,3,125923
Financial Analyst,Female,30,5,High School,Engineering,5,119421
Warehouse Associate,Female,25,4,Masters,Operations,4,101969
Financial Analyst,Female,21,4,Masters,Operations,4,100625
Sales Associate,Male,28,5,PhD,Administration,1,61620
IT,Male,18,5,High School,Engineering,1,56166
Warehouse Associate,Male,46,5,PhD,Sales,1,85019
Marketing Associate,Female,29,4,Masters,Administration,5,98640
Driver,Male,32,4,PhD,Engineering,4,98583
Financial Analyst,Male,26,5,College,Engineering,4,115615
Warehouse Associate,Female,51,5,High School,Management,3,96329
Marketing Associate,Female,40,5,Masters,Administration,3,70096
Sales Associate,Female,52,5,Masters,Engineering,2,91336
Financial Analyst,Female,29,4,Masters,Administration,4,96506
Driver,Female,37,5,Masters,Administration,2,73369
Marketing Associate,Female,23,4,Masters,Engineering,4,67847
Graphic Designer,Female,18,4,PhD,Operations,3,87205
Driver,Male,40,5,College,Management,2,106247
Driver,Female,18,4,Masters,Administration,2,51237
Marketing Associate,Female,26,4,College,Management,3,72592
Data Scientist,Male,51,5,PhD,Operations,4,119374
Software Engineer,Male,54,5,PhD,Administration,4,133817
Driver,Male,49,5,Masters,Operations,2,80768
IT,Female,26,5,College,Administration,2,63410
Sales Associate,Male,58,5,High School,Engineering,5,143985
IT,Female,49,5,College,Management,3,117163
Financial Analyst,Female,27,4,High School,Administration,4,95119
Data Scientist,Male,38,5,College,Administration,5,110428
IT,Male,53,5,PhD,Management,5,136138
Financial Analyst,Male,49,5,High School,Engineering,4,111006
Marketing Associate,Male,26,4,High School,Engineering,5,86493
Marketing Associate,Female,44,5,High School,Sales,1,65008
Graphic Designer,Male,33,5,Masters,Management,3,92256
Graphic Designer,Male,22,5,PhD,Administration,1,48736
Financial Analyst,Male,41,5,Masters,Engineering,3,105386
Financial Analyst,Male,26,4,College,Operations,4,112237
Data Scientist,Male,29,5,High School,Administration,1,76692
Driver,Female,24,4,High School,Administration,5,101424
Manager,Female,32,5,PhD,Operations,1,107462
Marketing Associate,Female,36,4,High School,Operations,5,99340
Warehouse Associate,Female,41,4,Masters,Engineering,3,97867
Financial Analyst,Male,44,5,Masters,Administration,4,128726
Financial Analyst,Female,43,5,High School,Sales,5,122269
Warehouse Associate,Male,48,5,PhD,Management,2,78192
Software Engineer,Female,28,3,PhD,Engineering,4,112146
Software Engineer,Male,40,5,College,Management,1,76197
Manager,Male,21,4,High School,Engineering,3,112143
Warehouse Associate,Female,19,4,College,Sales,2,73886
Driver,Female,61,5,PhD,Sales,4,137604
Warehouse Associate,Female,57,5,High School,Engineering,3,102048
Data Scientist,Male,28,4,Masters,Administration,5,105610
Graphic Designer,Female,52,5,College,Administration,1,73596
Data Scientist,Female,48,5,Masters,Management,1,107794
Warehouse Associate,Female,57,5,PhD,Administration,2,94481
Sales Associate,Male,30,4,Masters,Sales,5,124006
Data Scientist,Female,53,5,Masters,Engineering,5,142047
Marketing Associate,Male,47,5,Masters,Operations,3,94565
IT,Male,18,4,Masters,Administration,4,78202
Sales Associate,Female,35,4,PhD,Sales,1,92049
Graphic Designer,Female,51,5,College,Operations,3,116843
Warehouse Associate,Female,51,5,High School,Sales,3,115222
Financial Analyst,Male,38,4,College,Management,5,121865
Software Engineer,Male,24,4,Masters,Management,1,87810
Software Engineer,Male,49,5,Masters,Administration,5,151758
Sales Associate,Male,22,5,High School,Administration,1,67089
Marketing Associate,Female,33,5,High School,Operations,2,55033
Financial Analyst,Male,36,5,Masters,Operations,1,79333
Marketing Associate,Female,27,5,High School,Management,1,53192
Driver,Male,39,5,High School,Engineering,4,109015
Graphic Designer,Male,19,4,Masters,Sales,1,69872
Software Engineer,Male,59,5,Masters,Engineering,1,116520
Marketing Associate,Female,20,3,PhD,Sales,5,68343
IT,Female,29,4,Masters,Management,3,80651
Driver,Male,54,5,PhD,Administration,4,118977
IT,Female,30,4,Masters,Engineering,2,89182
IT,Female,42,5,College,Operations,2,92449
Driver,Female,42,4,Masters,Management,4,115762
Warehouse Associate,Female,50,4,Masters,Engineering,5,117399
IT,Female,43,5,PhD,Administration,5,136681
Software Engineer,Male,64,5,College,Sales,4,128166
Manager,Male,23,4,PhD,Administration,1,99501
Marketing Associate,Female,33,5,High School,Engineering,1,58373
Software Engineer,Male,39,4,High School,Sales,4,114814
Sales Associate,Male,58,5,PhD,Sales,2,136949
Marketing Associate,Female,24,3,Masters,Operations,5,89752
Marketing Associate,Female,37,4,PhD,Administration,3,93603
Graphic Designer,Male,53,5,High School,Operations,2,101261
Software Engineer,Male,33,5,PhD,Administration,2,95787
Software Engineer,Male,56,5,PhD,Administration,5,148989
Financial Analyst,Female,52,5,High School,Engineering,2,107239
Warehouse Associate,Male,40,5,Masters,Sales,4,111905
Software Engineer,Male,43,4,PhD,Management,5,109056
Data Scientist,Male,19,5,High School,Operations,2,67639
Sales Associate,Female,53,4,Masters,Operations,5,137001
Sales Associate,Male,44,5,Masters,Administration,2,109276
Manager,Male,23,4,Masters,Sales,3,111329
Driver,Female,51,5,College,Operations,1,80112
IT,Male,20,4,PhD,Engineering,2,82582
Financial Analyst,Male,47,5,College,Administration,2,72875
Graphic Designer,Male,49,5,College,Management,4,115234
Software Engineer,Male,26,4,College,Administration,2,85266
Graphic Designer,Female,44,4,High School,Administration,4,107929
Software Engineer,Male,18,3,Masters,Engineering,2,95867
Data Scientist,Female,32,4,College,Management,4,87635
Sales Associate,Male,18,4,High School,Management,4,89142
Warehouse Associate,Female,63,5,High School,Sales,2,113812
Graphic Designer,Female,37,4,College,Engineering,4,98933
Graphic Designer,Male,22,4,Masters,Sales,2,65225
Marketing Associate,Female,64,5,PhD,Sales,2,102966
Graphic Designer,Female,39,4,PhD,Operations,5,128384
Manager,Male,20,4,College,Sales,2,115339
Financial Analyst,Female,39,5,College,Operations,1,84051
Data Scientist,Female,37,4,Masters,Engineering,2,106220
Data Scientist,Female,39,4,PhD,Management,3,99405
Financial Analyst,Male,29,4,High School,Management,4,97897
Software Engineer,Male,58,5,High School,Management,3,127356
Driver,Male,38,5,PhD,Engineering,4,111944
Marketing Associate,Female,64,5,PhD,Sales,5,136316
Warehouse Associate,Female,51,4,High School,Management,5,129208
Financial Analyst,Male,53,5,Masters,Administration,3,120345
Graphic Designer,Male,46,5,High School,Engineering,4,112472
Driver,Female,28,4,High School,Management,1,71193
IT,Male,52,5,Masters,Engineering,1,97374
Financial Analyst,Female,48,4,Masters,Management,5,136686
IT,Female,34,5,College,Operations,1,62490
Marketing Associate,Female,27,4,High School,Administration,5,76841
Graphic Designer,Male,18,4,High School,Sales,4,84795
Graphic Designer,Female,31,4,College,Engineering,2,90201
Software Engineer,Female,27,4,High School,Operations,1,73500
Sales Associate,Male,29,3,Masters,Management,2,67510
Driver,Female,41,5,Masters,Administration,1,82118
Manager,Male,62,5,College,Administration,5,165250
Graphic Designer,Male,23,4,High School,Operations,1,57952
Data Scientist,Male,29,4,High School,Engineering,3,73575
Data Scientist,Male,38,5,High School,Sales,2,89272
Driver,Male,34,4,College,Administration,5,97352
Sales Associate,Female,62,5,College,Operations,2,100925
IT,Male,40,4,College,Administration,5,117136
Software Engineer,Male,27,4,Masters,Engineering,1,73853
Financial Analyst,Male,35,4,PhD,Operations,5,106860
IT,Male,19,4,College,Engineering,3,87448
Software Engineer,Male,36,4,Masters,Engineering,5,140520
Sales Associate,Male,23,3,High School,Engineering,3,93157
IT,Male,43,5,College,Operations,4,107605
Graphic Designer,Female,48,4,College,Administration,4,110926
Marketing Associate,Female,20,4,College,Sales,4,77863
Graphic Designer,Male,27,4,College,Sales,5,123152
Driver,Male,25,3,PhD,Engineering,5,100321
Graphic Designer,Male,21,3,Masters,Engineering,4,80692
Financial Analyst,Male,24,4,Masters,Administration,1,76266
Data Scientist,Female,61,5,Masters,Management,2,104757
Manager,Male,52,5,High School,Operations,2,111779
Data Scientist,Male,26,4,High School,Management,3,88943
Financial Analyst,Female,30,4,High School,Operations,2,47661
Software Engineer,Male,29,4,High School,Engineering,1,83077
IT,Female,46,5,PhD,Sales,3,110554
Driver,Male,49,4,College,Sales,5,111496
Warehouse Associate,Female,37,3,High School,Engineering,5,100732
Sales Associate,Female,51,5,Masters,Management,1,81204
Warehouse Associate,Female,28,4,Masters,Operations,1,70000
Manager,Male,45,5,High School,Engineering,3,132316
Warehouse Associate,Male,48,5,College,Sales,1,69172
Data Scientist,Male,53,5,High School,Management,2,111245
Data Scientist,Female,29,4,High School,Engineering,3,93132
Warehouse Associate,Female,19,4,High School,Operations,1,45662
Driver,Male,18,3,PhD,Operations,3,64725
IT,Male,28,4,High School,Operations,3,72868
Data Scientist,Female,31,4,High School,Operations,2,63953
Graphic Designer,Female,58,4,PhD,Sales,3,116596
IT,Female,41,5,High School,Operations,3,108635
Driver,Male,36,4,PhD,Operations,3,96794
Sales Associate,Female,34,3,High School,Sales,4,115779
Driver,Male,56,5,Masters,Sales,5,109247
Financial Analyst,Female,30,4,Masters,Administration,5,123255
Warehouse Associate,Male,37,4,High School,Management,3,91130
IT,Male,28,4,High School,Administration,5,105111
Warehouse Associate,Female,47,4,College,Administration,2,102858
Graphic Designer,Male,44,4,High School,Sales,4,110447
Data Scientist,Male,24,4,Masters,Sales,2,68609
IT,Male,47,5,PhD,Operations,1,89097
Financial Analyst,Male,33,5,Masters,Operations,1,78267
IT,Female,22,4,Masters,Sales,1,46223
Graphic Designer,Male,57,4,Masters,Management,4,140139
Financial Analyst,Male,20,4,High School,Operations,2,72991
IT,Female,65,5,Masters,Administration,4,129159
Graphic Designer,Female,49,4,PhD,Engineering,2,102584
Sales Associate,Male,19,3,PhD,Management,4,102701
Driver,Female,39,4,PhD,Operations,2,83303
Sales Associate,Male,33,3,Masters,Operations,5,106795
Sales Associate,Female,40,4,Masters,Operations,5,101827
Driver,Female,21,2,College,Engineering,5,99424
Graphic Designer,Male,46,4,High School,Administration,4,96035
Financial Analyst,Male,39,4,PhD,Management,3,94577
Warehouse Associate,Male,58,5,College,Sales,4,142205
Manager,Male,33,4,Masters,Sales,1,97576
Marketing Associate,Female,27,4,High School,Sales,4,96665
Graphic Designer,Female,65,5,High School,Operations,4,138001
Manager,Female,34,3,Masters,Management,2,113817
Software Engineer,Male,56,5,College,Operations,3,115140
Warehouse Associate,Female,34,4,High School,Sales,1,63911
Marketing Associate,Female,35,4,Masters,Sales,2,66123
Financial Analyst,Female,49,4,Masters,Sales,4,133770
Manager,Female,24,3,PhD,Sales,3,112658
Warehouse Associate,Male,39,4,PhD,Operations,3,85886
Warehouse Associate,Male,45,4,High School,Operations,2,91844
Driver,Male,32,3,Masters,Engineering,2,75745
Graphic Designer,Male,65,5,Masters,Operations,5,125256
Software Engineer,Male,52,4,Masters,Administration,5,147482
Driver,Female,52,4,College,Administration,2,85416
Warehouse Associate,Female,38,3,College,Administration,5,101571
Financial Analyst,Male,19,4,Masters,Operations,2,69354
Graphic Designer,Male,20,2,Masters,Engineering,5,105654
Sales Associate,Female,29,3,PhD,Operations,2,63240
Data Scientist,Female,29,4,College,Operations,1,67397
Driver,Female,18,2,Masters,Sales,4,78221
Software Engineer,Male,64,5,High School,Operations,2,118727
IT,Male,55,5,College,Sales,3,112174
Warehouse Associate,Female,22,2,High School,Sales,5,98707
Software Engineer,Male,59,4,Masters,Engineering,4,162935
Financial Analyst,Male,30,5,Masters,Sales,1,91484
Marketing Associate,Female,50,5,PhD,Administration,1,89835
Graphic Designer,Female,27,4,PhD,Sales,1,74590
Driver,Male,27,3,College,Engineering,5,97456
Sales Associate,Female,57,5,Masters,Operations,3,107301
Manager,Male,48,4,College,Management,1,117076
Manager,Female,62,4,Masters,Sales,4,163011
IT,Male,64,5,PhD,Management,2,105560
Data Scientist,Female,29,3,High School,Management,4,81071
Driver,Male,40,5,College,Engineering,2,76614
Financial Analyst,Male,58,4,College,Management,4,126905
Warehouse Associate,Female,22,3,College,Sales,4,85010
Graphic Designer,Female,59,4,PhD,Management,4,133783
Financial Analyst,Female,36,4,High School,Administration,5,128331
Marketing Associate,Female,55,4,Masters,Operations,1,78479
Driver,Female,54,4,College,Management,2,95026
Software Engineer,Male,63,4,High School,Administration,5,148350
Warehouse Associate,Male,18,2,College,Administration,5,93041
Sales Associate,Female,31,3,High School,Operations,3,84364
Manager,Male,48,4,PhD,Sales,4,151509
Driver,Female,58,4,High School,Sales,5,137966
Software Engineer,Female,41,4,PhD,Sales,1,94622
Graphic Designer,Female,22,3,College,Operations,2,64504
IT,Male,63,5,Masters,Operations,5,142160
Data Scientist,Male,23,3,Masters,Administration,1,69995
Sales Associate,Male,63,5,PhD,Operations,4,136533
Software Engineer,Female,28,3,College,Engineering,5,121218
Marketing Associate,Female,22,4,PhD,Operations,1,44638
Driver,Female,62,4,PhD,Engineering,1,95194
Software Engineer,Male,65,4,High School,Management,5,164521
Financial Analyst,Male,51,4,PhD,Operations,4,120308
Driver,Male,57,5,College,Management,1,75296
Manager,Male,59,4,PhD,Sales,5,183562
Data Scientist,Female,45,3,Masters,Sales,5,136138
Graphic Designer,Male,24,3,College,Engineering,2,66091
Sales Associate,Male,61,5,PhD,Management,1,110941
Manager,Female,60,4,PhD,Management,3,168968
Sales Associate,Female,28,3,PhD,Sales,3,96981
Marketing Associate,Female,41,4,College,Sales,3,82769
Financial Analyst,Female,35,4,Masters,Management,2,75211
Financial Analyst,Male,35,4,College,Administration,4,97970
Driver,Female,38,3,Masters,Management,2,84305
Data Scientist,Female,57,4,High School,Management,1,93964
Driver,Female,19,2,College,Sales,2,84291
Graphic Designer,Male,55,5,Masters,Engineering,1,87472
Manager,Male,62,5,PhD,Engineering,3,158567
Driver,Female,31,3,Masters,Engineering,2,63685
Marketing Associate,Female,49,4,College,Sales,4,109841
Driver,Male,37,4,College,Engineering,3,78332
Marketing Associate,Female,24,3,PhD,Operations,4,64926
Manager,Male,32,3,High School,Operations,4,123920
Sales Associate,Male,28,3,Masters,Administration,5,125689
Marketing Associate,Female,38,2,High School,Management,5,77536
Software Engineer,Male,65,5,Masters,Sales,1,142258
Marketing Associate,Female,53,5,College,Administration,1,73373
Warehouse Associate,Male,46,3,High School,Operations,4,93318
Marketing Associate,Female,57,4,College,Operations,3,86667
Marketing Associate,Female,45,3,College,Engineering,4,91843
Warehouse Associate,Female,34,2,PhD,Management,5,121179
Marketing Associate,Male,25,3,College,Operations,4,72077
Data Scientist,Female,33,3,High School,Administration,3,78332
Financial Analyst,Male,64,5,High School,Operations,3,104513
Marketing Associate,Female,23,3,PhD,Administration,3,69009
Software Engineer,Male,26,3,High School,Sales,2,67872
Warehouse Associate,Female,24,3,High School,Management,1,72877
Driver,Male,49,4,Masters,Administration,5,125369
Data Scientist,Male,19,2,PhD,Management,5,86625
Sales Associate,Female,47,3,College,Administration,4,111773
Software Engineer,Male,36,4,PhD,Management,3,120721
Warehouse Associate,Female,42,3,Masters,Engineering,1,96636
Marketing Associate,Female,50,5,High School,Operations,1,77840
Manager,Male,21,2,College,Administration,5,128871
Marketing Associate,Female,49,4,PhD,Operations,5,111910
IT,Female,49,4,College,Engineering,1,81331
Sales Associate,Male,48,3,Masters,Engineering,5,120383
Graphic Designer,Female,22,2,Masters,Operations,4,113602
Financial Analyst,Male,20,3,PhD,Operations,3,86439
Financial Analyst,Male,47,5,College,Operations,3,99519
Financial Analyst,Male,60,5,High School,Engineering,4,129660
Marketing Associate,Male,27,4,College,Management,1,61336
Sales Associate,Male,20,3,College,Operations,1,44346
IT,Male,59,5,PhD,Operations,1,86304
Data Scientist,Female,20,3,High School,Engineering,1,47688
IT,Female,45,4,College,Operations,2,78250
Marketing Associate,Female,34,3,High School,Sales,5,86903
Software Engineer,Male,59,4,High School,Operations,4,132085
Manager,Male,53,4,College,Management,1,130060
Financial Analyst,Female,20,3,High School,Operations,3,69376
Data Scientist,Male,28,3,Masters,Sales,3,88644
IT,Female,38,4,High School,Sales,2,82935
Manager,Male,43,3,PhD,Management,2,128688
Marketing Associate,Female,36,3,PhD,Sales,3,90080
Data Scientist,Male,45,3,PhD,Administration,5,130184
Warehouse Associate,Female,19,2,Masters,Administration,2,84991
IT,Male,18,4,PhD,Sales,1,63868
Financial Analyst,Male,59,5,PhD,Management,1,98125
IT,Male,34,3,College,Sales,4,97323
Manager,Male,32,3,Masters,Management,5,125809
Software Engineer,Male,29,3,Masters,Operations,2,99345
Financial Analyst,Female,46,4,College,Administration,4,124502
Marketing Associate,Female,49,5,High School,Sales,2,104592
Manager,Male,48,3,College,Management,5,145780
Marketing Associate,Female,34,4,College,Administration,1,56801
Driver,Female,45,3,PhD,Management,3,83942
IT,Male,58,4,College,Management,5,138272
Manager,Male,21,2,PhD,Operations,3,96221
Graphic Designer,Female,26,2,Masters,Administration,5,107253
Manager,Male,20,2,PhD,Operations,4,119418
Software Engineer,Male,60,4,Masters,Sales,5,162262
Driver,Male,57,4,College,Sales,4,141823
Sales Associate,Female,47,3,College,Engineering,2,91057
Warehouse Associate,Male,31,4,High School,Engineering,2,73929
Driver,Female,56,4,PhD,Sales,3,108578
Manager,Male,57,4,Masters,Administration,4,149510
Graphic Designer,Male,63,5,PhD,Engineering,1,113622
Software Engineer,Male,63,5,College,Operations,2,132198
Data Scientist,Male,23,3,High School,Sales,3,90816
Manager,Female,45,2,High School,Management,5,150486
Marketing Associate,Female,46,4,PhD,Sales,2,76374
Sales Associate,Male,63,5,High School,Sales,1,93594
Software Engineer,Male,20,2,PhD,Engineering,4,98932
Financial Analyst,Male,45,4,High School,Operations,2,81887
Software Engineer,Male,65,4,High School,Engineering,1,108534
Sales Associate,Female,63,4,PhD,Engineering,3,135113
Warehouse Associate,Male,26,3,High School,Sales,3,80224
Software Engineer,Male,60,3,PhD,Management,5,152071
Marketing Associate,Female,36,3,Masters,Sales,3,82495
Manager,Male,63,5,Masters,Operations,1,136509
Marketing Associate,Male,33,3,PhD,Administration,2,58373
Warehouse Associate,Female,41,3,College,Engineering,3,98977
Graphic Designer,Female,55,3,College,Sales,5,125307
Sales Associate,Female,21,2,College,Operations,5,92511
Data Scientist,Male,31,3,College,Operations,1,81254
Data Scientist,Male,41,3,Masters,Administration,4,110925
Manager,Male,27,3,High School,Operations,1,90146
Data Scientist,Female,55,3,Masters,Administration,4,128969
Data Scientist,Male,41,4,PhD,Administration,1,74452
Warehouse Associate,Male,33,3,College,Administration,1,84236
Data Scientist,Female,46,3,College,Administration,3,113658
Software Engineer,Male,45,4,Masters,Operations,2,96282
Graphic Designer,Male,47,3,College,Administration,5,114851
Software Engineer,Male,58,4,Masters,Engineering,5,161343
Warehouse Associate,Male,64,4,High School,Operations,3,122934
Software Engineer,Male,40,2,High School,Management,2,103927
Marketing Associate,Female,18,3,High School,Engineering,2,40828
Software Engineer,Male,42,3,Masters,Engineering,5,128320
Software Engineer,Male,30,2,Masters,Engineering,5,119182
Software Engineer,Male,39,4,PhD,Management,1,99796
Manager,Male,31,3,PhD,Engineering,2,117934
Data Scientist,Female,34,3,PhD,Administration,1,89556
Data Scientist,Male,32,3,PhD,Sales,4,112017
Marketing Associate,Female,24,3,High School,Engineering,3,55918
IT,Female,46,4,High School,Operations,3,105633
Warehouse Associate,Male,49,3,PhD,Operations,4,101201
Software Engineer,Male,30,2,College,Administration,5,83350
Manager,Male,46,4,Masters,Sales,1,114848
Manager,Female,53,4,High School,Operations,3,137199
Graphic Designer,Male,62,5,Masters,Sales,1,92258
Financial Analyst,Female,63,4,Masters,Operations,1,103036
Manager,Male,18,1,Masters,Management,5,120342
Sales Associate,Female,30,3,High School,Administration,4,98562
Sales Associate,Female,61,3,PhD,Management,4,138145
Sales Associate,Male,58,4,PhD,Administration,3,126326
Graphic Designer,Male,55,4,College,Sales,2,82775
Financial Analyst,Female,36,3,College,Engineering,2,71927
Graphic Designer,Male,65,4,College,Management,4,130302
Marketing Associate,Female,49,4,Masters,Sales,3,83468
Warehouse Associate,Male,38,3,College,Management,3,90901
Warehouse Associate,Female,22,1,PhD,Operations,5,121023
Financial Analyst,Male,22,3,PhD,Administration,2,76085
Sales Associate,Male,51,3,PhD,Operations,4,116693
Graphic Designer,Male,61,4,Masters,Engineering,2,112026
Manager,Male,62,4,PhD,Engineering,1,122413
Driver,Female,21,1,PhD,Management,4,95892
Sales Associate,Male,28,3,College,Management,3,94146
Financial Analyst,Male,32,4,Masters,Sales,3,86167
Manager,Male,57,4,Masters,Operations,3,141971
Driver,Female,52,4,High School,Operations,1,85009
Software Engineer,Male,64,5,High School,Sales,2,125671
Data Scientist,Male,58,5,High School,Operations,1,93901
IT,Female,36,3,PhD,Management,3,82229
Data Scientist,Male,44,3,Masters,Management,3,121525
Financial Analyst,Male,39,3,Masters,Engineering,4,122354
IT,Male,23,4,PhD,Administration,1,72581
Marketing Associate,Male,40,2,PhD,Sales,5,122350
Marketing Associate,Female,18,2,Masters,Management,5,81790
Graphic Designer,Female,63,3,College,Management,5,134166
Financial Analyst,Female,43,3,College,Sales,5,122501
Driver,Female,50,3,High School,Engineering,2,92417
Warehouse Associate,Male,23,2,College,Management,4,89148
Warehouse Associate,Female,22,2,Masters,Sales,2,74253
Manager,Male,60,4,College,Sales,2,154955
Financial Analyst,Female,50,3,PhD,Operations,2,99917
Sales Associate,Female,33,2,College,Engineering,4,93848
Warehouse Associate,Male,25,3,College,Administration,1,75827
Manager,Male,48,3,PhD,Operations,1,110217
Software Engineer,Male,35,2,Masters,Management,3,117114
Graphic Designer,Female,37,2,Masters,Management,3,109559
IT,Female,43,3,Masters,Management,4,101406
Warehouse Associate,Male,53,3,PhD,Engineering,5,135535
Financial Analyst,Male,40,3,PhD,Sales,3,94968
Manager,Male,56,3,Masters,Engineering,4,155266
Financial Analyst,Male,45,4,Masters,Management,2,106536
Data Scientist,Female,57,4,PhD,Sales,1,97265
IT,Male,33,3,College,Management,3,96182
Graphic Designer,Male,49,3,Masters,Operations,5,132436
Manager,Male,23,3,College,Sales,3,117347
Manager,Male,60,4,College,Management,3,164857
Manager,Female,41,3,PhD,Management,1,119821
Financial Analyst,Male,20,2,PhD,Engineering,4,111544
Financial Analyst,Male,56,4,High School,Engineering,3,107222
Warehouse Associate,Male,38,3,High School,Administration,2,88264
Marketing Associate,Female,55,4,High School,Administration,2,77599
Driver,Female,20,1,College,Management,3,71830
Driver,Female,34,2,High School,Management,3,72872
Manager,Female,32,2,PhD,Management,2,121261
Graphic Designer,Female,49,3,PhD,Engineering,4,127902
Graphic Designer,Male,29,3,PhD,Operations,2,76546
Data Scientist,Female,49,3,College,Engineering,4,133071
Warehouse Associate,Male,33,1,College,Engineering,5,105985
Software Engineer,Male,30,2,College,Administration,4,89515
Warehouse Associate,Male,61,3,PhD,Engineering,4,133005
Driver,Male,25,3,College,Engineering,1,48905
Data Scientist,Female,37,2,College,Sales,5,105044
Sales Associate,Female,24,2,Masters,Management,3,83422
Driver,Male,42,3,PhD,Operations,4,117715
Sales Associate,Male,55,4,College,Administration,3,118877
Data Scientist,Male,35,2,College,Operations,5,105531
Sales Associate,Female,35,2,College,Management,4,93487
IT,Male,40,3,College,Administration,3,83450
IT,Male,36,3,Masters,Engineering,2,71687
Driver,Male,30,4,Masters,Operations,1,86911
Financial Analyst,Male,58,4,College,Operations,4,132759
Warehouse Associate,Male,61,3,High School,Management,3,112025
IT,Female,37,3,High School,Sales,2,62570
IT,Female,42,3,High School,Engineering,2,76173
Data Scientist,Female,41,2,PhD,Engineering,2,104764
Manager,Male,59,4,College,Engineering,2,133137
Software Engineer,Male,53,3,High School,Management,3,112764
Manager,Male,22,2,Masters,Operations,4,96955
Graphic Designer,Male,44,3,PhD,Sales,1,72535
Manager,Male,57,3,PhD,Operations,5,156896
Graphic Designer,Male,30,2,Masters,Management,4,77056
Data Scientist,Female,33,3,College,Sales,1,80022
Graphic Designer,Male,22,2,High School,Sales,3,75117
Marketing Associate,Female,52,3,High School,Sales,3,100431
Financial Analyst,Female,23,2,College,Administration,5,108395
Graphic Designer,Male,23,1,PhD,Management,5,96640
Sales Associate,Female,19,1,College,Management,4,95446
Manager,Male,20,2,Masters,Operations,3,106546
IT,Female,62,4,College,Operations,2,106115
Graphic Designer,Female,40,3,College,Operations,1,62461
Financial Analyst,Female,26,3,College,Administration,2,55174
Data Scientist,Male,56,3,Masters,Engineering,3,103635
Data Scientist,Female,57,3,Masters,Operations,3,119460
Software Engineer,Male,23,2,Masters,Engineering,3,102350
Data Scientist,Male,27,2,College,Engineering,1,62499
Manager,Male,53,4,College,Sales,2,127628
Manager,Male,37,3,Masters,Management,1,127085
Marketing Associate,Female,46,3,College,Management,3,92055
Data Scientist,Male,40,2,Masters,Management,2,91834
Software Engineer,Male,42,2,College,Administration,3,120871
IT,Male,43,3,College,Management,1,72003
Data Scientist,Male,28,3,High School,Management,2,74709
IT,Male,39,3,High School,Engineering,4,98578
Driver,Female,55,3,PhD,Operations,2,105523
Marketing Associate,Female,62,3,PhD,Operations,5,128695
Sales Associate,Female,32,2,PhD,Administration,2,94061
IT,Female,18,2,Masters,Sales,1,50637
Marketing Associate,Female,41,3,High School,Administration,2,44030
Sales Associate,Female,29,3,High School,Management,3,72131
IT,Female,44,2,PhD,Operations,5,137946
Driver,Male,53,3,PhD,Administration,3,116881
Warehouse Associate,Male,25,2,Masters,Engineering,1,64457
IT,Male,27,3,PhD,Operations,3,98096
Manager,Male,40,2,College,Administration,2,130327
Marketing Associate,Female,54,3,PhD,Engineering,5,119967
Marketing Associate,Female,64,4,College,Sales,5,106326
Software Engineer,Male,63,3,PhD,Engineering,2,140701
Manager,Male,42,3,College,Sales,4,131358
IT,Female,62,4,College,Management,3,117656
Data Scientist,Female,36,3,High School,Operations,3,83645
Driver,Female,50,3,College,Operations,2,97023
Manager,Male,28,3,College,Sales,2,111974
Financial Analyst,Female,18,2,High School,Operations,2,73443
Sales Associate,Male,19,1,PhD,Management,3,80546
Data Scientist,Female,55,2,Masters,Sales,5,143724
Software Engineer,Male,42,2,College,Management,1,109124
IT,Male,65,4,Masters,Sales,5,171735
Warehouse Associate,Male,54,2,Masters,Engineering,4,123546
Graphic Designer,Male,39,2,Masters,Operations,5,112714
Marketing Associate,Female,45,2,High School,Management,2,64882
Manager,Male,30,1,PhD,Engineering,4,131052
Software Engineer,Male,53,4,High School,Operations,1,94976
Driver,Male,63,4,High School,Sales,2,107597
Marketing Associate,Female,45,3,Masters,Sales,3,81431
Marketing Associate,Female,30,3,Masters,Administration,1,44013
Graphic Designer,Female,48,1,High School,Operations,5,117311
Sales Associate,Female,27,2,College,Operations,2,72180
Financial Analyst,Male,31,3,PhD,Engineering,1,84587
Graphic Designer,Female,20,1,Masters,Operations,4,60805
Graphic Designer,Male,60,4,Masters,Engineering,1,102652
Manager,Female,25,1,Masters,Management,5,125414
Marketing Associate,Female,65,3,Masters,Administration,5,111933
Driver,Male,24,2,College,Engineering,3,87014
Software Engineer,Male,23,1,PhD,Management,2,84135
IT,Female,28,1,PhD,Sales,5,110978
Data Scientist,Male,30,2,College,Operations,3,78949
Financial Analyst,Female,23,1,High School,Management,4,83682
Graphic Designer,Male,50,3,Masters,Management,1,90209
Graphic Designer,Female,18,2,College,Administration,1,47695
Driver,Female,47,2,Masters,Operations,2,83177
Warehouse Associate,Male,56,3,Masters,Administration,2,83892
IT,Male,20,2,PhD,Management,1,55074
Sales Associate,Male,62,3,College,Management,3,135228
Software Engineer,Male,36,2,High School,Administration,4,93014
Driver,Male,24,2,College,Management,3,58180
Sales Associate,Female,44,2,High School,Engineering,3,87049
Financial Analyst,Male,24,2,PhD,Engineering,3,77435
Warehouse Associate,Male,19,2,High School,Sales,2,68926
Driver,Male,44,4,High School,Administration,4,90446
Marketing Associate,Male,49,3,High School,Administration,4,98202
Financial Analyst,Male,36,3,PhD,Operations,1,98170
Graphic Designer,Male,22,2,High School,Sales,3,78119
Driver,Male,59,3,College,Operations,3,124424
Data Scientist,Female,39,3,Masters,Operations,3,98486
Marketing Associate,Female,50,3,Masters,Sales,5,99849
Marketing Associate,Female,58,3,Masters,Operations,5,115809
Marketing Associate,Female,42,2,College,Administration,5,93033
Financial Analyst,Male,58,4,Masters,Operations,3,111169
Warehouse Associate,Female,44,3,High School,Administration,1,85839
Driver,Male,41,2,Masters,Administration,4,100693
Financial Analyst,Female,58,3,PhD,Engineering,1,103060
Data Scientist,Female,33,2,High School,Operations,4,84837
Manager,Male,22,1,College,Management,2,109433
Driver,Male,35,2,High School,Administration,5,97586
Warehouse Associate,Female,42,1,PhD,Operations,5,131262
Data Scientist,Male,62,4,College,Operations,3,100322
Sales Associate,Male,50,2,Masters,Engineering,5,129924
Software Engineer,Male,51,2,Masters,Engineering,3,137195
Sales Associate,Male,22,1,High School,Sales,4,75829
Software Engineer,Male,32,2,College,Operations,1,75979
Data Scientist,Male,33,2,High School,Engineering,2,58835
IT,Male,35,1,College,Management,4,102302
Software Engineer,Male,47,2,Masters,Operations,4,131635
Sales Associate,Male,53,2,Masters,Management,5,105833
Warehouse Associate,Male,23,1,High School,Administration,4,98382
Data Scientist,Male,49,3,College,Administration,3,100556
Warehouse Associate,Female,45,1,High School,Administration,5,112047
IT,Female,26,1,PhD,Sales,5,117115
IT,Male,33,2,Masters,Engineering,5,112010
Marketing Associate,Female,26,2,High School,Operations,3,64148
Warehouse Associate,Male,50,3,Masters,Administration,1,96525
Graphic Designer,Female,35,2,High School,Engineering,5,105001
Financial Analyst,Male,31,2,PhD,Administration,3,88616
Graphic Designer,Female,50,3,Masters,Administration,1,81276
Financial Analyst,Male,38,3,Masters,Administration,1,90308
Warehouse Associate,Female,59,2,College,Management,2,98940
Marketing Associate,Male,42,2,Masters,Management,5,115875
Data Scientist,Female,55,3,PhD,Administration,1,113474
Manager,Male,38,2,Masters,Management,3,140172
Warehouse Associate,Female,55,2,PhD,Administration,3,90588
Graphic Designer,Male,54,3,High School,Management,3,105722
Data Scientist,Female,48,2,College,Administration,3,85094
Manager,Male,48,2,PhD,Engineering,4,162967
Financial Analyst,Female,63,3,PhD,Engineering,3,135437
Financial Analyst,Female,20,1,College,Management,2,81664
Financial Analyst,Female,53,3,High School,Management,1,98725
Driver,Male,40,3,High School,Sales,2,93742
Sales Associate,Female,46,2,Masters,Management,2,88379
IT,Female,26,2,College,Sales,3,86972
Warehouse Associate,Female,62,2,PhD,Engineering,2,107301
Graphic Designer,Female,43,1,PhD,Engineering,1,84957
Marketing Associate,Female,32,2,College,Sales,3,78442
Data Scientist,Male,44,3,High School,Sales,1,88528
IT,Male,62,3,Masters,Engineering,4,123206
Graphic Designer,Female,57,2,Masters,Sales,5,138666
Software Engineer,Male,50,3,PhD,Sales,1,124172
Sales Associate,Male,40,2,High School,Administration,3,89227
Sales Associate,Male,64,3,PhD,Sales,2,126722
Manager,Female,28,1,High School,Engineering,4,109291
Warehouse Associate,Male,24,1,College,Engineering,3,76591
Data Scientist,Male,59,4,Masters,Sales,1,102932
Data Scientist,Male,62,3,PhD,Sales,3,113135
Driver,Male,63,3,PhD,Management,4,134671
Sales Associate,Female,34,1,High School,Management,5,109048
Manager,Female,62,4,Masters,Administration,3,152243
Marketing Associate,Female,44,2,PhD,Management,2,72440
Driver,Male,31,2,High School,Administration,4,68488
Data Scientist,Female,27,1,High School,Administration,5,101877
Software Engineer,Male,32,1,College,Engineering,5,133357
Manager,Male,55,2,College,Management,5,158817
Software Engineer,Male,36,1,High School,Operations,5,113708
Data Scientist,Female,53,2,PhD,Operations,2,107025
Marketing Associate,Female,33,1,High School,Management,5,86094
IT,Female,56,3,Masters,Management,2,107874
Marketing Associate,Female,62,4,College,Sales,1,82108
Driver,Female,36,1,Masters,Administration,3,93179
Data Scientist,Female,21,1,PhD,Engineering,2,72633
IT,Male,33,2,Masters,Sales,1,89887
Marketing Associate,Female,28,1,Masters,Engineering,5,78124
IT,Female,27,1,Masters,Administration,2,60009
Software Engineer,Male,36,2,Masters,Administration,2,100675
Data Scientist,Female,43,2,PhD,Sales,3,111798
Sales Associate,Male,46,2,College,Management,2,100054
Software Engineer,Male,25,1,High School,Engineering,4,107747
Software Engineer,Male,40,2,Masters,Sales,1,124786
Warehouse Associate,Female,47,2,College,Administration,2,91997
Sales Associate,Male,51,3,High School,Management,2,104773
Driver,Female,60,2,PhD,Sales,3,117219
Manager,Male,56,2,PhD,Administration,4,156702
Data Scientist,Female,40,1,Masters,Management,5,105131
IT,Female,60,3,Masters,Management,2,109125
Manager,Male,36,2,Masters,Sales,3,139664
IT,Female,48,3,High School,Management,1,67418
Manager,Male,37,2,PhD,Operations,1,106209
Software Engineer,Male,64,2,PhD,Sales,5,162121
Marketing Associate,Female,51,2,High School,Management,2,83690
Driver,Male,20,2,High School,Sales,2,73873
Driver,Female,61,2,College,Management,4,112964
Software Engineer,Male,65,3,High School,Sales,2,126789
Graphic Designer,Female,34,1,College,Management,4,105294
Data Scientist,Female,58,2,PhD,Engineering,2,113004
Graphic Designer,Male,45,2,Masters,Management,2,105090
Sales Associate,Male,18,1,Masters,Administration,3,65063
Manager,Male,43,1,PhD,Management,4,157327
IT,Female,62,3,College,Sales,4,132402
Financial Analyst,Female,45,2,Masters,Administration,5,127577
Driver,Female,19,1,High School,Operations,4,81532
Data Scientist,Male,26,1,Masters,Operations,3,94717
IT,Female,47,2,PhD,Administration,3,108952
Manager,Male,59,3,College,Engineering,3,139705
Driver,Female,63,3,High School,Sales,1,108934
Sales Associate,Female,57,2,High School,Management,4,122270
Data Scientist,Female,51,1,PhD,Sales,5,144110
Warehouse Associate,Female,58,1,Masters,Management,4,138293
Sales Associate,Female,24,1,High School,Administration,2,71901
Data Scientist,Male,41,1,College,Operations,5,82297
Driver,Male,21,1,High School,Sales,2,66531
IT,Female,58,2,High School,Sales,4,127947
Financial Analyst,Female,33,2,PhD,Administration,1,56144
Graphic Designer,Female,34,1,PhD,Operations,3,81177
Driver,Male,54,3,PhD,Sales,2,122208
Software Engineer,Male,31,1,College,Operations,4,111728
Graphic Designer,Female,55,2,College,Administration,3,115915
Sales Associate,Female,47,1,PhD,Engineering,4,121263
Financial Analyst,Male,55,3,College,Operations,1,89159
IT,Female,45,2,PhD,Sales,4,118687
Marketing Associate,Female,48,2,High School,Administration,4,90750
Marketing Associate,Female,62,3,Masters,Engineering,2,83172
Software Engineer,Male,22,1,College,Sales,1,71958
Financial Analyst,Female,54,2,College,Sales,2,117939
Manager,Male,47,1,Masters,Engineering,4,160790
Graphic Designer,Female,63,2,College,Operations,4,110738
Graphic Designer,Female,38,1,High School,Administration,4,114768
Software Engineer,Male,62,2,PhD,Engineering,3,142848
Financial Analyst,Female,63,3,College,Sales,2,101518
Sales Associate,Male,60,3,High School,Administration,3,111999
Marketing Associate,Female,65,3,High School,Engineering,3,103985
Warehouse Associate,Male,37,2,Masters,Administration,1,87575
Software Engineer,Female,57,1,College,Engineering,3,119455
Sales Associate,Male,26,2,High School,Sales,2,82698
Financial Analyst,Male,27,2,PhD,Administration,4,105389
Marketing Associate,Female,20,2,College,Administration,2,44692
Marketing Associate,Female,26,2,College,Operations,1,67980
Graphic Designer,Male,44,1,Masters,Engineering,5,113099
Graphic Designer,Female,47,1,High School,Operations,5,113524
Manager,Male,21,1,College,Management,2,118548
Marketing Associate,Female,23,1,High School,Sales,2,52568
Data Scientist,Male,45,1,Masters,Operations,3,107764
Financial Analyst,Male,65,4,Masters,Sales,1,116481
IT,Male,52,2,College,Administration,5,99206
Manager,Male,30,1,High School,Sales,5,141578
Financial Analyst,Male,50,2,Masters,Operations,3,119494
Sales Associate,Female,18,1,Masters,Engineering,1,69887
Software Engineer,Female,36,1,PhD,Management,1,82838
Warehouse Associate,Male,25,1,College,Operations,1,69304
Driver,Male,53,3,PhD,Sales,2,106933
Manager,Male,55,1,High School,Management,5,167303
Sales Associate,Male,24,1,PhD,Operations,2,56309
Graphic Designer,Male,56,2,Masters,Management,4,119145
Manager,Female,59,2,High School,Management,2,139818
Marketing Associate,Female,55,3,High School,Administration,1,67393
Software Engineer,Male,64,2,PhD,Engineering,4,143194
Sales Associate,Male,63,2,Masters,Engineering,3,140119
Software Engineer,Male,55,2,PhD,Management,3,126404
Graphic Designer,Male,43,2,PhD,Management,2,87325
Sales Associate,Male,51,2,High School,Engineering,1,100171
Marketing Associate,Female,31,1,High School,Sales,3,58116
Driver,Female,61,2,College,Administration,4,118685
Marketing Associate,Female,56,2,Masters,Sales,4,103985
Sales Associate,Female,41,2,College,Sales,1,66005
Software Engineer,Male,49,3,Masters,Administration,1,87737
Marketing Associate,Female,23,1,College,Sales,2,59680
Graphic Designer,Male,29,1,Masters,Operations,3,77854
Graphic Designer,Male,53,2,High School,Operations,4,110717
Driver,Female,61,2,PhD,Engineering,2,111266
Marketing Associate,Female,56,2,High School,Operations,5,112286
Marketing Associate,Female,25,1,High School,Sales,1,44722
Sales Associate,Male,64,2,High School,Management,3,125266
Driver,Female,55,2,High School,Engineering,3,107737
Driver,Female,42,1,Masters,Sales,5,125182
Sales Associate,Female,61,2,High School,Sales,2,86961
Marketing Associate,Female,26,1,High School,Management,1,40958
Graphic Designer,Female,59,2,College,Engineering,4,120171
Sales Associate,Male,36,2,High School,Management,1,55337
IT,Female,54,2,Masters,Administration,3,101732
Financial Analyst,Female,24,1,High School,Management,4,85511
Driver,Male,58,2,College,Sales,4,114432
Financial Analyst,Female,32,1,High School,Administration,4,88730
Marketing Associate,Male,47,2,PhD,Sales,3,97297
Data Scientist,Female,53,2,Masters,Engineering,2,89173
Warehouse Associate,Female,61,1,Masters,Management,3,124894
Marketing Associate,Female,56,2,High School,Sales,3,86626
Manager,Female,45,1,High School,Engineering,5,155013
Software Engineer,Male,45,2,High School,Management,1,86516
Driver,Male,55,2,Masters,Operations,3,100207
Warehouse Associate,Male,42,2,PhD,Operations,3,94774
Manager,Male,60,3,High School,Management,2,117493
Driver,Male,53,1,Masters,Engineering,5,134816
Sales Associate,Female,60,2,PhD,Engineering,5,135111
Marketing Associate,Female,34,1,College,Engineering,2,43358
Software Engineer,Male,25,1,High School,Administration,4,86316
Data Scientist,Male,41,1,High School,Management,5,121537
Graphic Designer,Female,49,1,High School,Administration,4,99929
Financial Analyst,Male,64,1,PhD,Operations,5,144601
Manager,Male,52,2,High School,Operations,2,118381
Data Scientist,Male,43,1,PhD,Administration,4,111536
Manager,Male,31,2,College,Operations,1,85050
Marketing Associate,Female,48,1,College,Operations,5,90978
Data Scientist,Male,20,1,High School,Operations,2,65579
Warehouse Associate,Male,35,1,High School,Administration,2,79092
Graphic Designer,Female,44,1,Masters,Administration,2,75882
Sales Associate,Male,49,2,High School,Operations,3,95858
Sales Associate,Male,49,2,Masters,Operations,2,105991
Marketing Associate,Male,51,2,PhD,Sales,1,66900
Software Engineer,Male,21,1,High School,Engineering,2,69998
Manager,Male,41,1,College,Administration,5,127264
IT,Male,27,1,High School,Management,3,61165
Manager,Male,37,1,PhD,Administration,3,119702
Software Engineer,Male,18,1,High School,Sales,1,59945
Data Scientist,Male,58,1,PhD,Engineering,5,128041
IT,Male,50,2,Masters,Management,3,104929
Data Scientist,Female,56,1,College,Engineering,5,129789
Graphic Designer,Female,45,1,High School,Management,3,80593
Marketing Associate,Female,40,1,Masters,Engineering,4,104286
Manager,Female,57,1,Masters,Operations,3,148984
Data Scientist,Female,63,2,High School,Administration,5,119980
Software Engineer,Male,59,1,College,Sales,5,163390
Financial Analyst,Male,45,2,High School,Administration,2,89856
Financial Analyst,Female,48,1,College,Engineering,5,123095
Warehouse Associate,Female,56,1,College,Administration,4,110766
Financial Analyst,Female,41,2,PhD,Operations,3,95954
Graphic Designer,Male,59,1,PhD,Sales,4,139467
Financial Analyst,Female,49,2,College,Operations,1,96469
Financial Analyst,Male,64,3,High School,Administration,3,127543
Data Scientist,Female,58,1,High School,Sales,5,144389
Manager,Male,36,1,High School,Operations,2,119403
IT,Male,31,1,Masters,Sales,2,96581
IT,Female,44,1,High School,Sales,5,134495
Sales Associate,Female,61,2,College,Sales,1,101057
IT,Male,59,3,Masters,Sales,2,103591
IT,Male,57,3,High School,Sales,3,115117
Financial Analyst,Male,39,2,College,Sales,1,65347
Marketing Associate,Female,56,2,High School,Engineering,3,93109
Data Scientist,Male,61,1,Masters,Administration,5,125942
Marketing Associate,Female,53,1,Masters,Management,4,116726
Software Engineer,Male,29,1,High School,Sales,1,90168
Data Scientist,Male,62,3,High School,Operations,2,106277
Manager,Male,41,1,Masters,Sales,2,123506
Graphic Designer,Male,58,2,Masters,Operations,1,99653
Marketing Associate,Female,38,1,PhD,Engineering,1,57109
Financial Analyst,Male,29,1,Masters,Operations,2,87999
IT,Female,57,2,High School,Administration,1,68694
IT,Female,28,1,High School,Management,1,45447
Financial Analyst,Female,48,1,College,Administration,4,118541
Driver,Male,33,1,High School,Management,1,63448
Manager,Female,42,1,High School,Management,2,123614
Manager,Male,60,2,College,Sales,1,135821
Sales Associate,Female,52,1,High School,Sales,3,98118
Marketing Associate,Female,60,1,College,Management,4,119672
Driver,Female,63,1,Masters,Management,4,118642
Data Scientist,Male,37,1,PhD,Administration,2,82424
Driver,Male,64,2,Masters,Operations,2,116101
Marketing Associate,Female,59,1,Masters,Sales,3,95748
Marketing Associate,Female,55,2,College,Sales,2,74739
Software Engineer,Female,57,2,High School,Engineering,1,108414
Driver,Male,55,2,College,Administration,2,107871
Financial Analyst,Male,47,2,High School,Management,1,73317
Graphic Designer,Female,33,1,High School,Sales,1,67435
Sales Associate,Male,45,2,High School,Engineering,1,72076
Graphic Designer,Female,44,1,College,Sales,3,94004
Driver,Female,22,1,High School,Administration,1,64631
Marketing Associate,Female,41,1,PhD,Management,5,112862
Financial Analyst,Female,61,1,Masters,Engineering,4,142024
Driver,Male,65,1,High School,Operations,5,120234
Sales Associate,Female,57,1,Masters,Operations,3,105064
Software Engineer,Male,36,1,Masters,Operations,1,89743
IT,Male,31,1,College,Operations,1,53598
Marketing Associate,Female,56,2,High School,Sales,3,100040
Software Engineer,Male,51,1,College,Management,2,121881
IT,Female,47,1,PhD,Operations,3,103415
Manager,Female,55,1,High School,Administration,3,138462
IT,Male,50,1,College,Operations,3,88376
Data Scientist,Female,58,1,PhD,Management,4,126180
Data Scientist,Female,57,1,PhD,Operations,2,117887
Manager,Male,58,1,PhD,Management,4,184010
Marketing Associate,Female,64,1,College,Administration,5,110679
Sales Associate,Female,65,2,PhD,Sales,5,146719
Financial Analyst,Male,43,1,PhD,Sales,4,112862
IT,Male,36,1,High School,Sales,4,113360
Software Engineer,Male,60,1,PhD,Administration,4,131513
Sales Associate,Female,50,1,Masters,Sales,3,110171
Software Engineer,Male,37,1,High School,Sales,1,85057
Data Scientist,Male,56,1,Masters,Administration,2,98328
Manager,Female,47,1,High School,Management,3,110875
Manager,Male,59,2,PhD,Administration,1,129400
Warehouse Associate,Male,53,1,College,Operations,4,129719
IT,Female,59,1,PhD,Engineering,3,96165
Software Engineer,Male,62,1,High School,Sales,3,126860
IT,Female,32,2,High School,Engineering,1,64613
Marketing Associate,Female,38,1,PhD,Engineering,2,80930
IT,Female,54,1,High School,Engineering,5,116490
Data Scientist,Male,65,2,Masters,Sales,2,131977
Manager,Male,61,2,College,Sales,1,140906
IT,Male,51,1,High School,Engineering,3,91872
Financial Analyst,Female,62,1,High School,Operations,3,103766
Software Engineer,Male,36,1,Masters,Operations,1,97954
Graphic Designer,Male,30,1,College,Operations,2,41030
Sales Associate,Male,60,1,College,Operations,3,115970
Financial Analyst,Female,49,1,PhD,Engineering,1,70167
Driver,Female,51,1,PhD,Management,2,101325
Data Scientist,Male,62,1,PhD,Administration,3,126686
IT,Male,62,1,PhD,Management,2,108749
Marketing Associate,Female,46,1,College,Administration,1,57936
Data Scientist,Female,65,1,PhD,Operations,2,124317
Data Scientist,Female,64,2,High School,Sales,1,91002
Driver,Female,65,1,PhD,Operations,3,128177
Driver,Female,45,1,College,Sales,2,70405
Financial Analyst,Male,39,1,College,Engineering,4,103432
Sales Associate,Male,54,1,College,Administration,3,95710
Financial Analyst,Female,47,1,College,Operations,2,66955
IT,Male,55,2,Masters,Operations,1,94643
Marketing Associate,Female,58,2,High School,Operations,1,64198
Warehouse Associate,Male,34,1,Masters,Operations,1,50680
Marketing Associate,Female,53,1,Masters,Operations,1,69773
Sales Associate,Male,57,1,PhD,Administration,5,116440
Software Engineer,Male,62,1,High School,Sales,3,136182
Manager,Male,52,1,High School,Management,1,111781
Data Scientist,Male,57,1,Masters,Sales,3,110098
Software Engineer,Male,60,1,High School,Administration,3,109124
Warehouse Associate,Male,65,1,High School,Operations,2,109530
Software Engineer,Male,64,1,Masters,Sales,1,111799
Marketing Associate,Female,44,1,High School,Engineering,3,94980
Sales Associate,Male,56,1,High School,Management,1,90570
Financial Analyst,Female,54,1,Masters,Operations,2,93962
Sales Associate,Female,58,1,College,Operations,3,90248
IT,Female,59,1,College,Sales,3,112668
Marketing Associate,Female,52,1,PhD,Sales,3,101584
IT,Male,64,1,Masters,Sales,1,95075
Sales Associate,Male,56,1,High School,Operations,1,84775
Software Engineer,Male,62,1,High School,Management,3,121857
Marketing Associate,Female,59,1,College,Engineering,1,65394
IT,Female,53,1,High School,Administration,2,114932
Manager,Male,55,1,High School,Administration,1,123257
Data Scientist,Male,54,1,College,Sales,2,100394
Marketing Associate,Female,59,1,High School,Operations,3,101838
Sales Associate,Male,62,1,Masters,Administration,2,104416
Financial Analyst,Female,65,1,High School,Administration,2,99310
Graphic Designer,Female,61,1,Masters,Engineering,1,94348
IT,Female,65,1,Masters,Administration,1,108986
Graphic Designer,Female,63,1,College,Administration,2,84963
Marketing Associate,Female,65,1,Masters,Administration,1,82673
Marketing Associate,Female,64,1,PhD,Administration,2,88030
Marketing Associate,Female,61,1,High School,Administration,1,65914
Data Scientist,Male,57,1,Masters,Sales,2,112544
Financial Analyst,Male,48,1,High School,Operations,1,95071
Financial Analyst,Male,65,2,High School,Administration,1,99601
Financial Analyst,Male,60,1,PhD,Sales,2,125352